正方元锦江国际饭店-河南工业大学,正方元锦江国际饭店,河南工业大学,"34.76551,113.75021","34.83330,113.55796",状态0,24267,2143,nana
正方元锦江国际饭店-郑州大学,正方元锦江国际饭店,郑州大学,"34.76551,113.75021","34.81414,113.54220",状态0,24028,2068,nana
正方元锦江国际饭店-郑州工程技术学院,正方元锦江国际饭店,郑州工程技术学院,"34.76551,113.75021","34.86633,113.65609",状态0,19195,1939,nana
正方元锦江国际饭店-郑州师范学院,正方元锦江国际饭店,郑州师范学院,"34.76551,113.75021","34.86471,113.62637",状态0,21586,2229,nana
正方元锦江国际饭店-郑州市体育馆,正方元锦江国际饭店,郑州市体育馆,"34.76551,113.75021","34.76295,113.67994",状态0,8397,1176,nana
正方元锦江国际饭店-郑州市体育场,正方元锦江国际饭店,郑州市体育场,"34.76551,113.75021","34.76295,113.67994",状态0,8397,1176,nana
正方元锦江国际饭店-华北水利水电大学,正方元锦江国际饭店,华北水利水电大学,"34.76551,113.75021","34.77593,113.76580",状态0,3570,526,nana
正方元锦江国际饭店-北龙湖,正方元锦江国际饭店,北龙湖,"34.76551,113.75021","34.81829,113.74043",状态0,8354,1276,nana
正方元锦江国际饭店-郑州奥体中心体育馆,正方元锦江国际饭店,郑州奥体中心体育馆,"34.76551,113.75021","34.73476,113.54065",状态0,25243,2091,nana
建国饭店-河南工业大学,建国饭店,河南工业大学,"34.76999,113.66034","34.83330,113.55796",状态0,15496,1905,nana
建国饭店-郑州大学,建国饭店,郑州大学,"34.76999,113.66034","34.81414,113.54220",状态0,15257,1841,nana
建国饭店-郑州工程技术学院,建国饭店,郑州工程技术学院,"34.76999,113.66034","34.86633,113.65609",状态0,13599,2303,nana
建国饭店-郑州师范学院,建国饭店,郑州师范学院,"34.76999,113.66034","34.86471,113.62637",状态0,13966,2350,nana
建国饭店-郑州市体育馆,建国饭店,郑州市体育馆,"34.76999,113.66034","34.76295,113.67994",状态0,2369,539,nana
建国饭店-郑州市体育场,建国饭店,郑州市体育场,"34.76999,113.66034","34.76295,113.67994",状态0,2369,539,nana
建国饭店-华北水利水电大学,建国饭店,华北水利水电大学,"34.76999,113.66034","34.77593,113.76580",状态0,11240,1608,nana
建国饭店-北龙湖,建国饭店,北龙湖,"34.76999,113.66034","34.81829,113.74043",状态0,14065,1912,nana
建国饭店-郑州奥体中心体育馆,建国饭店,郑州奥体中心体育馆,"34.76999,113.66034","34.73476,113.54065",状态0,18800,1316,nana
大河锦悦酒店-河南工业大学,大河锦悦酒店,河南工业大学,"34.77312,113.72914","34.83330,113.55796",状态0,20885,1730,nana
大河锦悦酒店-郑州大学,大河锦悦酒店,郑州大学,"34.77312,113.72914","34.81414,113.54220",状态0,21052,1742,nana
大河锦悦酒店-郑州工程技术学院,大河锦悦酒店,郑州工程技术学院,"34.77312,113.72914","34.86633,113.65609",状态0,16219,1593,nana
大河锦悦酒店-郑州师范学院,大河锦悦酒店,郑州师范学院,"34.77312,113.72914","34.86471,113.62637",状态0,18610,1877,nana
大河锦悦酒店-郑州市体育馆,大河锦悦酒店,郑州市体育馆,"34.77312,113.72914","34.76295,113.67994",状态0,6696,946,nana
大河锦悦酒店-郑州市体育场,大河锦悦酒店,郑州市体育场,"34.77312,113.72914","34.76295,113.67994",状态0,6696,946,nana
大河锦悦酒店-华北水利水电大学,大河锦悦酒店,华北水利水电大学,"34.77312,113.72914","34.77593,113.76580",状态0,5888,867,nana
大河锦悦酒店-北龙湖,大河锦悦酒店,北龙湖,"34.77312,113.72914","34.81829,113.74043",状态0,9536,862,nana
大河锦悦酒店-郑州奥体中心体育馆,大河锦悦酒店,郑州奥体中心体育馆,"34.77312,113.72914","34.73476,113.54065",状态0,25180,1671,nana
丰乐园酒店-河南工业大学,丰乐园酒店,河南工业大学,"34.80962,113.64053","34.83330,113.55796",状态0,10253,1391,nana
丰乐园酒店-郑州大学,丰乐园酒店,郑州大学,"34.80962,113.64053","34.81414,113.54220",状态0,10420,1404,nana
丰乐园酒店-郑州工程技术学院,丰乐园酒店,郑州工程技术学院,"34.80962,113.64053","34.86633,113.65609",状态0,9379,1866,nana
丰乐园酒店-郑州师范学院,丰乐园酒店,郑州师范学院,"34.80962,113.64053","34.86471,113.62637",状态0,8952,1416,nana
丰乐园酒店-郑州市体育馆,丰乐园酒店,郑州市体育馆,"34.80962,113.64053","34.76295,113.67994",状态0,7355,1720,nana
丰乐园酒店-郑州市体育场,丰乐园酒店,郑州市体育场,"34.80962,113.64053","34.76295,113.67994",状态0,7355,1720,nana
丰乐园酒店-华北水利水电大学,丰乐园酒店,华北水利水电大学,"34.80962,113.64053","34.77593,113.76580",状态0,19538,2131,nana
丰乐园酒店-北龙湖,丰乐园酒店,北龙湖,"34.80962,113.64053","34.81829,113.74043",状态0,11530,1645,nana
丰乐园酒店-郑州奥体中心体育馆,丰乐园酒店,郑州奥体中心体育馆,"34.80962,113.64053","34.73476,113.54065",状态0,20758,1872,nana
海容大酒店-河南工业大学,海容大酒店,河南工业大学,"34.77406,113.75533","34.83330,113.55796",状态0,23754,2134,nana
海容大酒店-郑州大学,海容大酒店,郑州大学,"34.77406,113.75533","34.81414,113.54220",状态0,23515,2059,nana
海容大酒店-郑州工程技术学院,海容大酒店,郑州工程技术学院,"34.77406,113.75533","34.86633,113.65609",状态0,18682,1917,nana
海容大酒店-郑州师范学院,海容大酒店,郑州师范学院,"34.77406,113.75533","34.86471,113.62637",状态0,21073,2210,nana
海容大酒店-郑州市体育馆,海容大酒店,郑州市体育馆,"34.77406,113.75533","34.76295,113.67994",状态0,8549,1179,nana
海容大酒店-郑州市体育场,海容大酒店,郑州市体育场,"34.77406,113.75533","34.76295,113.67994",状态0,8549,1179,nana
海容大酒店-华北水利水电大学,海容大酒店,华北水利水电大学,"34.77406,113.75533","34.77593,113.76580",状态0,1586,307,nana
海容大酒店-北龙湖,海容大酒店,北龙湖,"34.77406,113.75533","34.81829,113.74043",状态0,7556,1055,nana
海容大酒店-郑州奥体中心体育馆,海容大酒店,郑州奥体中心体育馆,"34.77406,113.75533","34.73476,113.54065",状态0,26774,1906,nana
河南天地粤海酒店-河南工业大学,河南天地粤海酒店,河南工业大学,"34.79197,113.70389","34.83330,113.55796",状态0,19749,1730,nana
河南天地粤海酒店-郑州大学,河南天地粤海酒店,郑州大学,"34.79197,113.70389","34.81414,113.54220",状态0,19510,1668,nana
河南天地粤海酒店-郑州工程技术学院,河南天地粤海酒店,郑州工程技术学院,"34.79197,113.70389","34.86633,113.65609",状态0,14677,1512,nana
河南天地粤海酒店-郑州师范学院,河南天地粤海酒店,郑州师范学院,"34.79197,113.70389","34.86471,113.62637",状态0,17068,1798,nana
河南天地粤海酒店-郑州市体育馆,河南天地粤海酒店,郑州市体育馆,"34.79197,113.70389","34.76295,113.67994",状态0,7369,1258,nana
河南天地粤海酒店-郑州市体育场,河南天地粤海酒店,郑州市体育场,"34.79197,113.70389","34.76295,113.67994",状态0,7369,1258,nana
河南天地粤海酒店-华北水利水电大学,河南天地粤海酒店,华北水利水电大学,"34.79197,113.70389","34.77593,113.76580",状态0,8915,1325,nana
河南天地粤海酒店-北龙湖,河南天地粤海酒店,北龙湖,"34.79197,113.70389","34.81829,113.74043",状态0,7994,785,nana
河南天地粤海酒店-郑州奥体中心体育馆,河南天地粤海酒店,郑州奥体中心体育馆,"34.79197,113.70389","34.73476,113.54065",状态0,23434,1961,nana
河南天地粤海酒店-河南工业大学,河南天地粤海酒店,河南工业大学,"34.79197,113.70389","34.83330,113.55796",状态0,19749,2465,nana
河南天地粤海酒店-郑州大学,河南天地粤海酒店,郑州大学,"34.79197,113.70389","34.81414,113.54220",状态0,19510,2458,nana
河南天地粤海酒店-郑州工程技术学院,河南天地粤海酒店,郑州工程技术学院,"34.79197,113.70389","34.86633,113.65609",状态0,14432,2227,nana
河南天地粤海酒店-郑州师范学院,河南天地粤海酒店,郑州师范学院,"34.79197,113.70389","34.86471,113.62637",状态0,18341,2321,nana
河南天地粤海酒店-郑州市体育馆,河南天地粤海酒店,郑州市体育馆,"34.79197,113.70389","34.76295,113.67994",状态0,7369,1545,nana
河南天地粤海酒店-郑州市体育场,河南天地粤海酒店,郑州市体育场,"34.79197,113.70389","34.76295,113.67994",状态0,7369,1545,nana
河南天地粤海酒店-华北水利水电大学,河南天地粤海酒店,华北水利水电大学,"34.79197,113.70389","34.77593,113.76580",状态0,8915,1145,nana
河南天地粤海酒店-北龙湖,河南天地粤海酒店,北龙湖,"34.79197,113.70389","34.81829,113.74043",状态0,7994,1165,nana
河南天地粤海酒店-郑州奥体中心体育馆,河南天地粤海酒店,郑州奥体中心体育馆,"34.79197,113.70389","34.73476,113.54065",状态0,23434,2485,nana
中州皇冠假日酒店-河南工业大学,中州皇冠假日酒店,河南工业大学,"34.76811,113.70074","34.83330,113.55796",状态0,23064,2186,nana
中州皇冠假日酒店-郑州大学,中州皇冠假日酒店,郑州大学,"34.76811,113.70074","34.81414,113.54220",状态0,23231,2189,nana
中州皇冠假日酒店-郑州工程技术学院,中州皇冠假日酒店,郑州工程技术学院,"34.76811,113.70074","34.86633,113.65609",状态0,18398,2062,nana
中州皇冠假日酒店-郑州师范学院,中州皇冠假日酒店,郑州师范学院,"34.76811,113.70074","34.86471,113.62637",状态0,22062,2220,nana
中州皇冠假日酒店-郑州市体育馆,中州皇冠假日酒店,郑州市体育馆,"34.76811,113.70074","34.76295,113.67994",状态0,4580,1021,nana
中州皇冠假日酒店-郑州市体育场,中州皇冠假日酒店,郑州市体育场,"34.76811,113.70074","34.76295,113.67994",状态0,4580,1021,nana
中州皇冠假日酒店-华北水利水电大学,中州皇冠假日酒店,华北水利水电大学,"34.76811,113.70074","34.77593,113.76580",状态0,7742,1154,nana
中州皇冠假日酒店-北龙湖,中州皇冠假日酒店,北龙湖,"34.76811,113.70074","34.81829,113.74043",状态0,11715,1305,nana
中州皇冠假日酒店-郑州奥体中心体育馆,中州皇冠假日酒店,郑州奥体中心体育馆,"34.76811,113.70074","34.73476,113.54065",状态0,23222,2260,nana
弘润华夏大酒店-河南工业大学,弘润华夏大酒店,河南工业大学,"34.81157,113.63875","34.83330,113.55796",状态0,10243,1339,nana
弘润华夏大酒店-郑州大学,弘润华夏大酒店,郑州大学,"34.81157,113.63875","34.81414,113.54220",状态0,10410,1351,nana
弘润华夏大酒店-郑州工程技术学院,弘润华夏大酒店,郑州工程技术学院,"34.81157,113.63875","34.86633,113.65609",状态0,11527,1743,nana
弘润华夏大酒店-郑州师范学院,弘润华夏大酒店,郑州师范学院,"34.81157,113.63875","34.86471,113.62637",状态0,8942,1359,nana
弘润华夏大酒店-郑州市体育馆,弘润华夏大酒店,郑州市体育馆,"34.81157,113.63875","34.76295,113.67994",状态0,7652,1722,nana
弘润华夏大酒店-郑州市体育场,弘润华夏大酒店,郑州市体育场,"34.81157,113.63875","34.76295,113.67994",状态0,7652,1722,nana
弘润华夏大酒店-华北水利水电大学,弘润华夏大酒店,华北水利水电大学,"34.81157,113.63875","34.77593,113.76580",状态0,19528,2084,nana
弘润华夏大酒店-北龙湖,弘润华夏大酒店,北龙湖,"34.81157,113.63875","34.81829,113.74043",状态0,11520,1583,nana
弘润华夏大酒店-郑州奥体中心体育馆,弘润华夏大酒店,郑州奥体中心体育馆,"34.81157,113.63875","34.73476,113.54065",状态0,20748,1812,nana
五洲大酒店-河南工业大学,五洲大酒店,河南工业大学,"34.80343,113.64716","34.83330,113.55796",状态0,11597,1642,nana
五洲大酒店-郑州大学,五洲大酒店,郑州大学,"34.80343,113.64716","34.81414,113.54220",状态0,11764,1662,nana
五洲大酒店-郑州工程技术学院,五洲大酒店,郑州工程技术学院,"34.80343,113.64716","34.86633,113.65609",状态0,11471,1756,nana
五洲大酒店-郑州师范学院,五洲大酒店,郑州师范学院,"34.80343,113.64716","34.86471,113.62637",状态0,10595,1667,nana
五洲大酒店-郑州市体育馆,五洲大酒店,郑州市体育馆,"34.80343,113.64716","34.76295,113.67994",状态0,7170,1621,nana
五洲大酒店-郑州市体育场,五洲大酒店,郑州市体育场,"34.80343,113.64716","34.76295,113.67994",状态0,7170,1621,nana
五洲大酒店-华北水利水电大学,五洲大酒店,华北水利水电大学,"34.80343,113.64716","34.77593,113.76580",状态0,19657,1975,nana
五洲大酒店-北龙湖,五洲大酒店,北龙湖,"34.80343,113.64716","34.81829,113.74043",状态0,11649,1474,nana
五洲大酒店-郑州奥体中心体育馆,五洲大酒店,郑州奥体中心体育馆,"34.80343,113.64716","34.73476,113.54065",状态0,22102,2087,nana
永和铂爵国际酒店-河南工业大学,永和铂爵国际酒店,河南工业大学,"34.76917,113.75599","34.83330,113.55796",状态0,24718,2321,nana
永和铂爵国际酒店-郑州大学,永和铂爵国际酒店,郑州大学,"34.76917,113.75599","34.81414,113.54220",状态0,24479,2259,nana
永和铂爵国际酒店-郑州工程技术学院,永和铂爵国际酒店,郑州工程技术学院,"34.76917,113.75599","34.86633,113.65609",状态0,19646,2128,nana
永和铂爵国际酒店-郑州师范学院,永和铂爵国际酒店,郑州师范学院,"34.76917,113.75599","34.86471,113.62637",状态0,22037,2385,nana
永和铂爵国际酒店-郑州市体育馆,永和铂爵国际酒店,郑州市体育馆,"34.76917,113.75599","34.76295,113.67994",状态0,8848,1310,nana
永和铂爵国际酒店-郑州市体育场,永和铂爵国际酒店,郑州市体育场,"34.76917,113.75599","34.76295,113.67994",状态0,8848,1310,nana
永和铂爵国际酒店-华北水利水电大学,永和铂爵国际酒店,华北水利水电大学,"34.76917,113.75599","34.77593,113.76580",状态0,2882,376,nana
永和铂爵国际酒店-北龙湖,永和铂爵国际酒店,北龙湖,"34.76917,113.75599","34.81829,113.74043",状态0,9913,1286,nana
永和铂爵国际酒店-郑州奥体中心体育馆,永和铂爵国际酒店,郑州奥体中心体育馆,"34.76917,113.75599","34.73476,113.54065",状态0,27073,2048,nana
郑州未来大酒店-河南工业大学,郑州未来大酒店,河南工业大学,"34.77500,113.71357","34.83330,113.55796",状态0,20456,1820,nana
郑州未来大酒店-郑州大学,郑州未来大酒店,郑州大学,"34.77500,113.71357","34.81414,113.54220",状态0,20623,1824,nana
郑州未来大酒店-郑州工程技术学院,郑州未来大酒店,郑州工程技术学院,"34.77500,113.71357","34.86633,113.65609",状态0,15790,1695,nana
郑州未来大酒店-郑州师范学院,郑州未来大酒店,郑州师范学院,"34.77500,113.71357","34.86471,113.62637",状态0,18181,1940,nana
郑州未来大酒店-郑州市体育馆,郑州未来大酒店,郑州市体育馆,"34.77500,113.71357","34.76295,113.67994",状态0,5144,949,nana
郑州未来大酒店-郑州市体育场,郑州未来大酒店,郑州市体育场,"34.77500,113.71357","34.76295,113.67994",状态0,5144,949,nana
郑州未来大酒店-华北水利水电大学,郑州未来大酒店,华北水利水电大学,"34.77500,113.71357","34.77593,113.76580",状态0,6976,1046,nana
郑州未来大酒店-北龙湖,郑州未来大酒店,北龙湖,"34.77500,113.71357","34.81829,113.74043",状态0,9107,886,nana
郑州未来大酒店-郑州奥体中心体育馆,郑州未来大酒店,郑州奥体中心体育馆,"34.77500,113.71357","34.73476,113.54065",状态0,27135,2071,nana
郑州未来大酒店-河南工业大学,郑州未来大酒店,河南工业大学,"34.77523,113.71385","34.83330,113.55796",状态0,20448,2270,nana
郑州未来大酒店-郑州大学,郑州未来大酒店,郑州大学,"34.77523,113.71385","34.81414,113.54220",状态0,20615,2386,nana
郑州未来大酒店-郑州工程技术学院,郑州未来大酒店,郑州工程技术学院,"34.77523,113.71385","34.86633,113.65609",状态0,15782,2286,nana
郑州未来大酒店-郑州师范学院,郑州未来大酒店,郑州师范学院,"34.77523,113.71385","34.86471,113.62637",状态0,18173,2572,nana
郑州未来大酒店-郑州市体育馆,郑州未来大酒店,郑州市体育馆,"34.77523,113.71385","34.76295,113.67994",状态0,5136,1166,nana
郑州未来大酒店-郑州市体育场,郑州未来大酒店,郑州市体育场,"34.77523,113.71385","34.76295,113.67994",状态0,5136,1166,nana
郑州未来大酒店-华北水利水电大学,郑州未来大酒店,华北水利水电大学,"34.77523,113.71385","34.77593,113.76580",状态0,8127,1189,nana
郑州未来大酒店-北龙湖,郑州未来大酒店,北龙湖,"34.77523,113.71385","34.81829,113.74043",状态0,7134,1324,nana
郑州未来大酒店-郑州奥体中心体育馆,郑州未来大酒店,郑州奥体中心体育馆,"34.77523,113.71385","34.73476,113.54065",状态0,23232,2629,nana
中油花园酒店-河南工业大学,中油花园酒店,河南工业大学,"34.78132,113.72552","34.83330,113.55796",状态0,20012,1803,nana
中油花园酒店-郑州大学,中油花园酒店,郑州大学,"34.78132,113.72552","34.81414,113.54220",状态0,20179,1808,nana
中油花园酒店-郑州工程技术学院,中油花园酒店,郑州工程技术学院,"34.78132,113.72552","34.86633,113.65609",状态0,15346,1670,nana
中油花园酒店-郑州师范学院,中油花园酒店,郑州师范学院,"34.78132,113.72552","34.86471,113.62637",状态0,17737,1923,nana
中油花园酒店-郑州市体育馆,中油花园酒店,郑州市体育馆,"34.78132,113.72552","34.76295,113.67994",状态0,6533,1168,nana
中油花园酒店-郑州市体育场,中油花园酒店,郑州市体育场,"34.78132,113.72552","34.76295,113.67994",状态0,6533,1168,nana
中油花园酒店-华北水利水电大学,中油花园酒店,华北水利水电大学,"34.78132,113.72552","34.77593,113.76580",状态0,6676,875,nana
中油花园酒店-北龙湖,中油花园酒店,北龙湖,"34.78132,113.72552","34.81829,113.74043",状态0,5673,871,nana
中油花园酒店-郑州奥体中心体育馆,中油花园酒店,郑州奥体中心体育馆,"34.78132,113.72552","34.73476,113.54065",状态0,25968,1792,nana
紫荆山宾馆-河南工业大学,紫荆山宾馆,河南工业大学,"34.76946,113.69686","34.83330,113.55796",状态0,19566,2223,nana
紫荆山宾馆-郑州大学,紫荆山宾馆,郑州大学,"34.76946,113.69686","34.81414,113.54220",状态0,19733,2257,nana
紫荆山宾馆-郑州工程技术学院,紫荆山宾馆,郑州工程技术学院,"34.76946,113.69686","34.86633,113.65609",状态0,14900,2122,nana
紫荆山宾馆-郑州师范学院,紫荆山宾馆,郑州师范学院,"34.76946,113.69686","34.86471,113.62637",状态0,16457,2348,nana
紫荆山宾馆-郑州市体育馆,紫荆山宾馆,郑州市体育馆,"34.76946,113.69686","34.76295,113.67994",状态0,2563,500,nana
紫荆山宾馆-郑州市体育场,紫荆山宾馆,郑州市体育场,"34.76946,113.69686","34.76295,113.67994",状态0,2563,500,nana
紫荆山宾馆-华北水利水电大学,紫荆山宾馆,华北水利水电大学,"34.76946,113.69686","34.77593,113.76580",状态0,9137,1279,nana
紫荆山宾馆-北龙湖,紫荆山宾馆,北龙湖,"34.76946,113.69686","34.81829,113.74043",状态0,12043,1548,nana
紫荆山宾馆-郑州奥体中心体育馆,紫荆山宾馆,郑州奥体中心体育馆,"34.76946,113.69686","34.73476,113.54065",状态0,22000,1568,nana
喜鹊愉家旅馆(郑州中州大道店)(原东风路店)-河南工业大学,喜鹊愉家旅馆(郑州中州大道店)(原东风路店),河南工业大学,"34.79910,113.70672","34.83330,113.55796",状态0,18510,2237,nana
喜鹊愉家旅馆(郑州中州大道店)(原东风路店)-郑州大学,喜鹊愉家旅馆(郑州中州大道店)(原东风路店),郑州大学,"34.79910,113.70672","34.81414,113.54220",状态0,18271,2318,nana
喜鹊愉家旅馆(郑州中州大道店)(原东风路店)-郑州工程技术学院,喜鹊愉家旅馆(郑州中州大道店)(原东风路店),郑州工程技术学院,"34.79910,113.70672","34.86633,113.65609",状态0,13193,2026,nana
喜鹊愉家旅馆(郑州中州大道店)(原东风路店)-郑州师范学院,喜鹊愉家旅馆(郑州中州大道店)(原东风路店),郑州师范学院,"34.79910,113.70672","34.86471,113.62637",状态0,15584,2314,nana
喜鹊愉家旅馆(郑州中州大道店)(原东风路店)-郑州市体育馆,喜鹊愉家旅馆(郑州中州大道店)(原东风路店),郑州市体育馆,"34.79910,113.70672","34.76295,113.67994",状态0,7778,1626,nana
喜鹊愉家旅馆(郑州中州大道店)(原东风路店)-郑州市体育场,喜鹊愉家旅馆(郑州中州大道店)(原东风路店),郑州市体育场,"34.79910,113.70672","34.76295,113.67994",状态0,7778,1626,nana
喜鹊愉家旅馆(郑州中州大道店)(原东风路店)-华北水利水电大学,喜鹊愉家旅馆(郑州中州大道店)(原东风路店),华北水利水电大学,"34.79910,113.70672","34.77593,113.76580",状态0,7958,1317,nana
喜鹊愉家旅馆(郑州中州大道店)(原东风路店)-北龙湖,喜鹊愉家旅馆(郑州中州大道店)(原东风路店),北龙湖,"34.79910,113.70672","34.81829,113.74043",状态0,6476,996,nana
喜鹊愉家旅馆(郑州中州大道店)(原东风路店)-郑州奥体中心体育馆,喜鹊愉家旅馆(郑州中州大道店)(原东风路店),郑州奥体中心体育馆,"34.79910,113.70672","34.73476,113.54065",状态0,24560,2310,nana
郑州陌上酒店-河南工业大学,郑州陌上酒店,河南工业大学,"34.80715,113.70932","34.83330,113.55796",状态0,16432,1877,nana
郑州陌上酒店-郑州大学,郑州陌上酒店,郑州大学,"34.80715,113.70932","34.81414,113.54220",状态0,16599,1995,nana
郑州陌上酒店-郑州工程技术学院,郑州陌上酒店,郑州工程技术学院,"34.80715,113.70932","34.86633,113.65609",状态0,11766,1888,nana
郑州陌上酒店-郑州师范学院,郑州陌上酒店,郑州师范学院,"34.80715,113.70932","34.86471,113.62637",状态0,15430,1823,nana
郑州陌上酒店-郑州市体育馆,郑州陌上酒店,郑州市体育馆,"34.80715,113.70932","34.76295,113.67994",状态0,8424,1544,nana
郑州陌上酒店-郑州市体育场,郑州陌上酒店,郑州市体育场,"34.80715,113.70932","34.76295,113.67994",状态0,8424,1544,nana
郑州陌上酒店-华北水利水电大学,郑州陌上酒店,华北水利水电大学,"34.80715,113.70932","34.77593,113.76580",状态0,9947,1191,nana
郑州陌上酒店-北龙湖,郑州陌上酒店,北龙湖,"34.80715,113.70932","34.81829,113.74043",状态0,5315,737,nana
郑州陌上酒店-郑州奥体中心体育馆,郑州陌上酒店,郑州奥体中心体育馆,"34.80715,113.70932","34.73476,113.54065",状态0,25991,2222,nana
郑州悦际酒店-河南工业大学,郑州悦际酒店,河南工业大学,"34.76352,113.60550","34.83330,113.55796",状态0,11972,1293,nana
郑州悦际酒店-郑州大学,郑州悦际酒店,郑州大学,"34.76352,113.60550","34.81414,113.54220",状态0,11993,1423,nana
郑州悦际酒店-郑州工程技术学院,郑州悦际酒店,郑州工程技术学院,"34.76352,113.60550","34.86633,113.65609",状态0,20295,2340,nana
郑州悦际酒店-郑州师范学院,郑州悦际酒店,郑州师范学院,"34.76352,113.60550","34.86471,113.62637",状态0,16320,1754,nana
郑州悦际酒店-郑州市体育馆,郑州悦际酒店,郑州市体育馆,"34.76352,113.60550","34.76295,113.67994",状态0,8731,1454,nana
郑州悦际酒店-郑州市体育场,郑州悦际酒店,郑州市体育场,"34.76352,113.60550","34.76295,113.67994",状态0,8731,1454,nana
郑州悦际酒店-华北水利水电大学,郑州悦际酒店,华北水利水电大学,"34.76352,113.60550","34.77593,113.76580",状态0,18557,2398,nana
郑州悦际酒店-北龙湖,郑州悦际酒店,北龙湖,"34.76352,113.60550","34.81829,113.74043",状态0,20473,1788,nana
郑州悦际酒店-郑州奥体中心体育馆,郑州悦际酒店,郑州奥体中心体育馆,"34.76352,113.60550","34.73476,113.54065",状态0,12431,933,nana
仟那映唐酒店(郑州高新区店)-河南工业大学,仟那映唐酒店(郑州高新区店),河南工业大学,"34.80432,113.57485","34.83330,113.55796",状态0,4560,1054,nana
仟那映唐酒店(郑州高新区店)-郑州大学,仟那映唐酒店(郑州高新区店),郑州大学,"34.80432,113.57485","34.81414,113.54220",状态0,4158,692,nana
仟那映唐酒店(郑州高新区店)-郑州工程技术学院,仟那映唐酒店(郑州高新区店),郑州工程技术学院,"34.80432,113.57485","34.86633,113.65609",状态0,18010,2297,nana
仟那映唐酒店(郑州高新区店)-郑州师范学院,仟那映唐酒店(郑州高新区店),郑州师范学院,"34.80432,113.57485","34.86471,113.62637",状态0,14035,1824,nana
仟那映唐酒店(郑州高新区店)-郑州市体育馆,仟那映唐酒店(郑州高新区店),郑州市体育馆,"34.80432,113.57485","34.76295,113.67994",状态0,15808,1959,nana
仟那映唐酒店(郑州高新区店)-郑州市体育场,仟那映唐酒店(郑州高新区店),郑州市体育场,"34.80432,113.57485","34.76295,113.67994",状态0,15808,1959,nana
仟那映唐酒店(郑州高新区店)-华北水利水电大学,仟那映唐酒店(郑州高新区店),华北水利水电大学,"34.80432,113.57485","34.77593,113.76580",状态0,26196,2231,nana
仟那映唐酒店(郑州高新区店)-北龙湖,仟那映唐酒店(郑州高新区店),北龙湖,"34.80432,113.57485","34.81829,113.74043",状态0,18188,1790,nana
仟那映唐酒店(郑州高新区店)-郑州奥体中心体育馆,仟那映唐酒店(郑州高新区店),郑州奥体中心体育馆,"34.80432,113.57485","34.73476,113.54065",状态0,20004,1742,nana
麗枫酒店(郑州花园路店)-河南工业大学,麗枫酒店(郑州花园路店),河南工业大学,"34.77771,113.69033","34.83330,113.55796",状态0,18280,2237,nana
麗枫酒店(郑州花园路店)-郑州大学,麗枫酒店(郑州花园路店),郑州大学,"34.77771,113.69033","34.81414,113.54220",状态0,18447,2344,nana
麗枫酒店(郑州花园路店)-郑州工程技术学院,麗枫酒店(郑州花园路店),郑州工程技术学院,"34.77771,113.69033","34.86633,113.65609",状态0,13614,2379,nana
麗枫酒店(郑州花园路店)-郑州师范学院,麗枫酒店(郑州花园路店),郑州师范学院,"34.77771,113.69033","34.86471,113.62637",状态0,17278,2375,nana
麗枫酒店(郑州花园路店)-郑州市体育馆,麗枫酒店(郑州花园路店),郑州市体育馆,"34.77771,113.69033","34.76295,113.67994",状态0,3195,665,nana
麗枫酒店(郑州花园路店)-郑州市体育场,麗枫酒店(郑州花园路店),郑州市体育场,"34.77771,113.69033","34.76295,113.67994",状态0,3195,665,nana
麗枫酒店(郑州花园路店)-华北水利水电大学,麗枫酒店(郑州花园路店),华北水利水电大学,"34.77771,113.69033","34.77593,113.76580",状态0,9462,1544,nana
麗枫酒店(郑州花园路店)-北龙湖,麗枫酒店(郑州花园路店),北龙湖,"34.77771,113.69033","34.81829,113.74043",状态0,10954,1546,nana
麗枫酒店(郑州花园路店)-郑州奥体中心体育馆,麗枫酒店(郑州花园路店),郑州奥体中心体育馆,"34.77771,113.69033","34.73476,113.54065",状态0,22679,1913,nana
大浪淘沙时尚酒店(郑州动物园店)-河南工业大学,大浪淘沙时尚酒店(郑州动物园店),河南工业大学,"34.79828,113.68816","34.83330,113.55796",状态0,15711,1563,nana
大浪淘沙时尚酒店(郑州动物园店)-郑州大学,大浪淘沙时尚酒店(郑州动物园店),郑州大学,"34.79828,113.68816","34.81414,113.54220",状态0,15878,1689,nana
大浪淘沙时尚酒店(郑州动物园店)-郑州工程技术学院,大浪淘沙时尚酒店(郑州动物园店),郑州工程技术学院,"34.79828,113.68816","34.86633,113.65609",状态0,11045,1695,nana
大浪淘沙时尚酒店(郑州动物园店)-郑州师范学院,大浪淘沙时尚酒店(郑州动物园店),郑州师范学院,"34.79828,113.68816","34.86471,113.62637",状态0,14709,1668,nana
大浪淘沙时尚酒店(郑州动物园店)-郑州市体育馆,大浪淘沙时尚酒店(郑州动物园店),郑州市体育馆,"34.79828,113.68816","34.76295,113.67994",状态0,4923,1040,nana
大浪淘沙时尚酒店(郑州动物园店)-郑州市体育场,大浪淘沙时尚酒店(郑州动物园店),郑州市体育场,"34.79828,113.68816","34.76295,113.67994",状态0,4923,1040,nana
大浪淘沙时尚酒店(郑州动物园店)-华北水利水电大学,大浪淘沙时尚酒店(郑州动物园店),华北水利水电大学,"34.79828,113.68816","34.77593,113.76580",状态0,11087,1713,nana
大浪淘沙时尚酒店(郑州动物园店)-北龙湖,大浪淘沙时尚酒店(郑州动物园店),北龙湖,"34.79828,113.68816","34.81829,113.74043",状态0,8188,1015,nana
大浪淘沙时尚酒店(郑州动物园店)-郑州奥体中心体育馆,大浪淘沙时尚酒店(郑州动物园店),郑州奥体中心体育馆,"34.79828,113.68816","34.73476,113.54065",状态0,22558,2338,nana
郑州光华大酒店-河南工业大学,郑州光华大酒店,河南工业大学,"34.80397,113.54451","34.83330,113.55796",状态0,4414,717,nana
郑州光华大酒店-郑州大学,郑州光华大酒店,郑州大学,"34.80397,113.54451","34.81414,113.54220",状态0,1313,174,nana
郑州光华大酒店-郑州工程技术学院,郑州光华大酒店,郑州工程技术学院,"34.80397,113.54451","34.86633,113.65609",状态0,20544,2516,nana
郑州光华大酒店-郑州师范学院,郑州光华大酒店,郑州师范学院,"34.80397,113.54451","34.86471,113.62637",状态0,15252,2037,nana
郑州光华大酒店-郑州市体育馆,郑州光华大酒店,郑州市体育馆,"34.80397,113.54451","34.76295,113.67994",状态0,18342,2698,nana
郑州光华大酒店-郑州市体育场,郑州光华大酒店,郑州市体育场,"34.80397,113.54451","34.76295,113.67994",状态0,18342,2698,nana
郑州光华大酒店-华北水利水电大学,郑州光华大酒店,华北水利水电大学,"34.80397,113.54451","34.77593,113.76580",状态0,28730,2631,nana
郑州光华大酒店-北龙湖,郑州光华大酒店,北龙湖,"34.80397,113.54451","34.81829,113.74043",状态0,20722,2122,nana
郑州光华大酒店-郑州奥体中心体育馆,郑州光华大酒店,郑州奥体中心体育馆,"34.80397,113.54451","34.73476,113.54065",状态0,22538,2126,nana
郑州光华大酒店-河南工业大学,郑州光华大酒店,河南工业大学,"34.80399,113.57428","34.83330,113.55796",状态0,4655,863,nana
郑州光华大酒店-郑州大学,郑州光华大酒店,郑州大学,"34.80399,113.57428","34.81414,113.54220",状态0,4068,671,nana
郑州光华大酒店-郑州工程技术学院,郑州光华大酒店,郑州工程技术学院,"34.80399,113.57428","34.86633,113.65609",状态0,18222,2297,nana
郑州光华大酒店-郑州师范学院,郑州光华大酒店,郑州师范学院,"34.80399,113.57428","34.86471,113.62637",状态0,14247,1831,nana
郑州光华大酒店-郑州市体育馆,郑州光华大酒店,郑州市体育馆,"34.80399,113.57428","34.76295,113.67994",状态0,16020,2036,nana
郑州光华大酒店-郑州市体育场,郑州光华大酒店,郑州市体育场,"34.80399,113.57428","34.76295,113.67994",状态0,16020,2036,nana
郑州光华大酒店-华北水利水电大学,郑州光华大酒店,华北水利水电大学,"34.80399,113.57428","34.77593,113.76580",状态0,26408,2179,nana
郑州光华大酒店-北龙湖,郑州光华大酒店,北龙湖,"34.80399,113.57428","34.81829,113.74043",状态0,18400,1727,nana
郑州光华大酒店-郑州奥体中心体育馆,郑州光华大酒店,郑州奥体中心体育馆,"34.80399,113.57428","34.73476,113.54065",状态0,20216,1840,nana
仟那雅悦酒店(郑州高新区瑞达路店)-河南工业大学,仟那雅悦酒店(郑州高新区瑞达路店),河南工业大学,"34.80279,113.56946","34.83330,113.55796",状态0,4958,1122,nana
仟那雅悦酒店(郑州高新区瑞达路店)-郑州大学,仟那雅悦酒店(郑州高新区瑞达路店),郑州大学,"34.80279,113.56946","34.81414,113.54220",状态0,4015,768,nana
仟那雅悦酒店(郑州高新区瑞达路店)-郑州工程技术学院,仟那雅悦酒店(郑州高新区瑞达路店),郑州工程技术学院,"34.80279,113.56946","34.86633,113.65609",状态0,18408,2337,nana
仟那雅悦酒店(郑州高新区瑞达路店)-郑州师范学院,仟那雅悦酒店(郑州高新区瑞达路店),郑州师范学院,"34.80279,113.56946","34.86471,113.62637",状态0,14433,1868,nana
仟那雅悦酒店(郑州高新区瑞达路店)-郑州市体育馆,仟那雅悦酒店(郑州高新区瑞达路店),郑州市体育馆,"34.80279,113.56946","34.76295,113.67994",状态0,16206,2077,nana
仟那雅悦酒店(郑州高新区瑞达路店)-郑州市体育场,仟那雅悦酒店(郑州高新区瑞达路店),郑州市体育场,"34.80279,113.56946","34.76295,113.67994",状态0,16206,2077,nana
仟那雅悦酒店(郑州高新区瑞达路店)-华北水利水电大学,仟那雅悦酒店(郑州高新区瑞达路店),华北水利水电大学,"34.80279,113.56946","34.77593,113.76580",状态0,26594,2224,nana
仟那雅悦酒店(郑州高新区瑞达路店)-北龙湖,仟那雅悦酒店(郑州高新区瑞达路店),北龙湖,"34.80279,113.56946","34.81829,113.74043",状态0,18586,1765,nana
仟那雅悦酒店(郑州高新区瑞达路店)-郑州奥体中心体育馆,仟那雅悦酒店(郑州高新区瑞达路店),郑州奥体中心体育馆,"34.80279,113.56946","34.73476,113.54065",状态0,20402,1875,nana
郑州金融大酒店-河南工业大学,郑州金融大酒店,河南工业大学,"34.78219,113.74014","34.83330,113.55796",状态0,21836,2070,nana
郑州金融大酒店-郑州大学,郑州金融大酒店,郑州大学,"34.78219,113.74014","34.81414,113.54220",状态0,22003,2150,nana
郑州金融大酒店-郑州工程技术学院,郑州金融大酒店,郑州工程技术学院,"34.78219,113.74014","34.86633,113.65609",状态0,17170,2253,nana
郑州金融大酒店-郑州师范学院,郑州金融大酒店,郑州师范学院,"34.78219,113.74014","34.86471,113.62637",状态0,20834,2151,nana
郑州金融大酒店-郑州市体育馆,郑州金融大酒店,郑州市体育馆,"34.78219,113.74014","34.76295,113.67994",状态0,8185,1507,nana
郑州金融大酒店-郑州市体育场,郑州金融大酒店,郑州市体育场,"34.78219,113.74014","34.76295,113.67994",状态0,8185,1507,nana
郑州金融大酒店-华北水利水电大学,郑州金融大酒店,华北水利水电大学,"34.78219,113.74014","34.77593,113.76580",状态0,3629,694,nana
郑州金融大酒店-北龙湖,郑州金融大酒店,北龙湖,"34.78219,113.74014","34.81829,113.74043",状态0,6064,1132,nana
郑州金融大酒店-郑州奥体中心体育馆,郑州金融大酒店,郑州奥体中心体育馆,"34.78219,113.74014","34.73476,113.54065",状态0,26492,2184,nana
纳澜优舍酒店(郑州CBD会展中心店)-河南工业大学,纳澜优舍酒店(郑州CBD会展中心店),河南工业大学,"34.77807,113.72477","34.83330,113.55796",状态0,20400,2015,nana
纳澜优舍酒店(郑州CBD会展中心店)-郑州大学,纳澜优舍酒店(郑州CBD会展中心店),郑州大学,"34.77807,113.72477","34.81414,113.54220",状态0,20567,2095,nana
纳澜优舍酒店(郑州CBD会展中心店)-郑州工程技术学院,纳澜优舍酒店(郑州CBD会展中心店),郑州工程技术学院,"34.77807,113.72477","34.86633,113.65609",状态0,15734,2198,nana
纳澜优舍酒店(郑州CBD会展中心店)-郑州师范学院,纳澜优舍酒店(郑州CBD会展中心店),郑州师范学院,"34.77807,113.72477","34.86471,113.62637",状态0,19398,2094,nana
纳澜优舍酒店(郑州CBD会展中心店)-郑州市体育馆,纳澜优舍酒店(郑州CBD会展中心店),郑州市体育馆,"34.77807,113.72477","34.76295,113.67994",状态0,6921,1371,nana
纳澜优舍酒店(郑州CBD会展中心店)-郑州市体育场,纳澜优舍酒店(郑州CBD会展中心店),郑州市体育场,"34.77807,113.72477","34.76295,113.67994",状态0,6921,1371,nana
纳澜优舍酒店(郑州CBD会展中心店)-华北水利水电大学,纳澜优舍酒店(郑州CBD会展中心店),华北水利水电大学,"34.77807,113.72477","34.77593,113.76580",状态0,6587,876,nana
纳澜优舍酒店(郑州CBD会展中心店)-北龙湖,纳澜优舍酒店(郑州CBD会展中心店),北龙湖,"34.77807,113.72477","34.81829,113.74043",状态0,6061,1082,nana
纳澜优舍酒店(郑州CBD会展中心店)-郑州奥体中心体育馆,纳澜优舍酒店(郑州CBD会展中心店),郑州奥体中心体育馆,"34.77807,113.72477","34.73476,113.54065",状态0,25879,2097,nana
郑州国信酒店-河南工业大学,郑州国信酒店,河南工业大学,"34.78602,113.70825","34.83330,113.55796",状态0,19909,1978,nana
郑州国信酒店-郑州大学,郑州国信酒店,郑州大学,"34.78602,113.70825","34.81414,113.54220",状态0,20076,2058,nana
郑州国信酒店-郑州工程技术学院,郑州国信酒店,郑州工程技术学院,"34.78602,113.70825","34.86633,113.65609",状态0,15243,2161,nana
郑州国信酒店-郑州师范学院,郑州国信酒店,郑州师范学院,"34.78602,113.70825","34.86471,113.62637",状态0,18907,2057,nana
郑州国信酒店-郑州市体育馆,郑州国信酒店,郑州市体育馆,"34.78602,113.70825","34.76295,113.67994",状态0,5439,1262,nana
郑州国信酒店-郑州市体育场,郑州国信酒店,郑州市体育场,"34.78602,113.70825","34.76295,113.67994",状态0,5439,1262,nana
郑州国信酒店-华北水利水电大学,郑州国信酒店,华北水利水电大学,"34.78602,113.70825","34.77593,113.76580",状态0,7957,1015,nana
郑州国信酒店-北龙湖,郑州国信酒店,北龙湖,"34.78602,113.70825","34.81829,113.74043",状态0,8560,997,nana
郑州国信酒店-郑州奥体中心体育馆,郑州国信酒店,郑州奥体中心体育馆,"34.78602,113.70825","34.73476,113.54065",状态0,27148,2206,nana
仟那酒店(郑州二七路店)-河南工业大学,仟那酒店(郑州二七路店),河南工业大学,"34.80607,113.66645","34.83330,113.55796",状态0,13074,1919,nana
仟那酒店(郑州二七路店)-郑州大学,仟那酒店(郑州二七路店),郑州大学,"34.80607,113.66645","34.81414,113.54220",状态0,12835,1837,nana
仟那酒店(郑州二七路店)-郑州工程技术学院,仟那酒店(郑州二七路店),郑州工程技术学院,"34.80607,113.66645","34.86633,113.65609",状态0,9133,1850,nana
仟那酒店(郑州二七路店)-郑州师范学院,仟那酒店(郑州二七路店),郑州师范学院,"34.80607,113.66645","34.86471,113.62637",状态0,11666,1869,nana
仟那酒店(郑州二七路店)-郑州市体育馆,仟那酒店(郑州二七路店),郑州市体育馆,"34.80607,113.66645","34.76295,113.67994",状态0,7570,1575,nana
仟那酒店(郑州二七路店)-郑州市体育场,仟那酒店(郑州二七路店),郑州市体育场,"34.80607,113.66645","34.76295,113.67994",状态0,7570,1575,nana
仟那酒店(郑州二七路店)-华北水利水电大学,仟那酒店(郑州二七路店),华北水利水电大学,"34.80607,113.66645","34.77593,113.76580",状态0,11851,1900,nana
仟那酒店(郑州二七路店)-北龙湖,仟那酒店(郑州二七路店),北龙湖,"34.80607,113.66645","34.81829,113.74043",状态0,9647,1234,nana
仟那酒店(郑州二七路店)-郑州奥体中心体育馆,仟那酒店(郑州二七路店),郑州奥体中心体育馆,"34.80607,113.66645","34.73476,113.54065",状态0,22608,2274,nana
仟那酒店(郑州中州大道店)-河南工业大学,仟那酒店(郑州中州大道店),河南工业大学,"34.82507,113.69912","34.83330,113.55796",状态0,15345,1810,nana
仟那酒店(郑州中州大道店)-郑州大学,仟那酒店(郑州中州大道店),郑州大学,"34.82507,113.69912","34.81414,113.54220",状态0,15512,1846,nana
仟那酒店(郑州中州大道店)-郑州工程技术学院,仟那酒店(郑州中州大道店),郑州工程技术学院,"34.82507,113.69912","34.86633,113.65609",状态0,8899,1918,nana
仟那酒店(郑州中州大道店)-郑州师范学院,仟那酒店(郑州中州大道店),郑州师范学院,"34.82507,113.69912","34.86471,113.62637",状态0,11290,2212,nana
仟那酒店(郑州中州大道店)-郑州市体育馆,仟那酒店(郑州中州大道店),郑州市体育馆,"34.82507,113.69912","34.76295,113.67994",状态0,10862,1711,nana
仟那酒店(郑州中州大道店)-郑州市体育场,仟那酒店(郑州中州大道店),郑州市体育场,"34.82507,113.69912","34.76295,113.67994",状态0,10862,1711,nana
仟那酒店(郑州中州大道店)-华北水利水电大学,仟那酒店(郑州中州大道店),华北水利水电大学,"34.82507,113.69912","34.77593,113.76580",状态0,12385,1444,nana
仟那酒店(郑州中州大道店)-北龙湖,仟那酒店(郑州中州大道店),北龙湖,"34.82507,113.69912","34.81829,113.74043",状态0,6015,846,nana
仟那酒店(郑州中州大道店)-郑州奥体中心体育馆,仟那酒店(郑州中州大道店),郑州奥体中心体育馆,"34.82507,113.69912","34.73476,113.54065",状态0,25850,2220,nana
郑州红旗渠酒店-河南工业大学,郑州红旗渠酒店,河南工业大学,"34.79507,113.68830","34.83330,113.55796",状态0,16027,1852,nana
郑州红旗渠酒店-郑州大学,郑州红旗渠酒店,郑州大学,"34.79507,113.68830","34.81414,113.54220",状态0,16194,1875,nana
郑州红旗渠酒店-郑州工程技术学院,郑州红旗渠酒店,郑州工程技术学院,"34.79507,113.68830","34.86633,113.65609",状态0,11361,2072,nana
郑州红旗渠酒店-郑州师范学院,郑州红旗渠酒店,郑州师范学院,"34.79507,113.68830","34.86471,113.62637",状态0,15025,1833,nana
郑州红旗渠酒店-郑州市体育馆,郑州红旗渠酒店,郑州市体育馆,"34.79507,113.68830","34.76295,113.67994",状态0,5278,1144,nana
郑州红旗渠酒店-郑州市体育场,郑州红旗渠酒店,郑州市体育场,"34.79507,113.68830","34.76295,113.67994",状态0,5278,1144,nana
郑州红旗渠酒店-华北水利水电大学,郑州红旗渠酒店,华北水利水电大学,"34.79507,113.68830","34.77593,113.76580",状态0,11403,1674,nana
郑州红旗渠酒店-北龙湖,郑州红旗渠酒店,北龙湖,"34.79507,113.68830","34.81829,113.74043",状态0,8504,1231,nana
郑州红旗渠酒店-郑州奥体中心体育馆,郑州红旗渠酒店,郑州奥体中心体育馆,"34.79507,113.68830","34.73476,113.54065",状态0,22913,2213,nana
璞华酒店(郑州花园路店)(原豫粮大酒店)-河南工业大学,璞华酒店(郑州花园路店)(原豫粮大酒店),河南工业大学,"34.78268,113.68852","34.83330,113.55796",状态0,17419,2045,nana
璞华酒店(郑州花园路店)(原豫粮大酒店)-郑州大学,璞华酒店(郑州花园路店)(原豫粮大酒店),郑州大学,"34.78268,113.68852","34.81414,113.54220",状态0,17586,2202,nana
璞华酒店(郑州花园路店)(原豫粮大酒店)-郑州工程技术学院,璞华酒店(郑州花园路店)(原豫粮大酒店),郑州工程技术学院,"34.78268,113.68852","34.86633,113.65609",状态0,12753,1962,nana
璞华酒店(郑州花园路店)(原豫粮大酒店)-郑州师范学院,璞华酒店(郑州花园路店)(原豫粮大酒店),郑州师范学院,"34.78268,113.68852","34.86471,113.62637",状态0,16417,2079,nana
璞华酒店(郑州花园路店)(原豫粮大酒店)-郑州市体育馆,璞华酒店(郑州花园路店)(原豫粮大酒店),郑州市体育馆,"34.78268,113.68852","34.76295,113.67994",状态0,3184,711,nana
璞华酒店(郑州花园路店)(原豫粮大酒店)-郑州市体育场,璞华酒店(郑州花园路店)(原豫粮大酒店),郑州市体育场,"34.78268,113.68852","34.76295,113.67994",状态0,3184,711,nana
璞华酒店(郑州花园路店)(原豫粮大酒店)-华北水利水电大学,璞华酒店(郑州花园路店)(原豫粮大酒店),华北水利水电大学,"34.78268,113.68852","34.77593,113.76580",状态0,10210,1433,nana
璞华酒店(郑州花园路店)(原豫粮大酒店)-北龙湖,璞华酒店(郑州花园路店)(原豫粮大酒店),北龙湖,"34.78268,113.68852","34.81829,113.74043",状态0,9896,1256,nana
璞华酒店(郑州花园路店)(原豫粮大酒店)-郑州奥体中心体育馆,璞华酒店(郑州花园路店)(原豫粮大酒店),郑州奥体中心体育馆,"34.78268,113.68852","34.73476,113.54065",状态0,22668,1998,nana
郑州梦工厂影院酒店(原梦工厂精品酒店)-河南工业大学,郑州梦工厂影院酒店(原梦工厂精品酒店),河南工业大学,"34.80955,113.57464","34.83330,113.55796",状态0,3722,591,nana
郑州梦工厂影院酒店(原梦工厂精品酒店)-郑州大学,郑州梦工厂影院酒店(原梦工厂精品酒店),郑州大学,"34.80955,113.57464","34.81414,113.54220",状态0,3453,620,nana
郑州梦工厂影院酒店(原梦工厂精品酒店)-郑州工程技术学院,郑州梦工厂影院酒店(原梦工厂精品酒店),郑州工程技术学院,"34.80955,113.57464","34.86633,113.65609",状态0,17172,2212,nana
郑州梦工厂影院酒店(原梦工厂精品酒店)-郑州师范学院,郑州梦工厂影院酒店(原梦工厂精品酒店),郑州师范学院,"34.80955,113.57464","34.86471,113.62637",状态0,13197,1631,nana
郑州梦工厂影院酒店(原梦工厂精品酒店)-郑州市体育馆,郑州梦工厂影院酒店(原梦工厂精品酒店),郑州市体育馆,"34.80955,113.57464","34.76295,113.67994",状态0,14970,2270,nana
郑州梦工厂影院酒店(原梦工厂精品酒店)-郑州市体育场,郑州梦工厂影院酒店(原梦工厂精品酒店),郑州市体育场,"34.80955,113.57464","34.76295,113.67994",状态0,14970,2262,nana
郑州梦工厂影院酒店(原梦工厂精品酒店)-华北水利水电大学,郑州梦工厂影院酒店(原梦工厂精品酒店),华北水利水电大学,"34.80955,113.57464","34.77593,113.76580",状态0,25358,2242,nana
郑州梦工厂影院酒店(原梦工厂精品酒店)-北龙湖,郑州梦工厂影院酒店(原梦工厂精品酒店),北龙湖,"34.80955,113.57464","34.81829,113.74043",状态0,17350,1750,nana
郑州梦工厂影院酒店(原梦工厂精品酒店)-郑州奥体中心体育馆,郑州梦工厂影院酒店(原梦工厂精品酒店),郑州奥体中心体育馆,"34.80955,113.57464","34.73476,113.54065",状态0,19166,2114,nana
半亩城宿酒店(郑州东站会展中心店)-河南工业大学,半亩城宿酒店(郑州东站会展中心店),河南工业大学,"34.77797,113.72484","34.83330,113.55796",状态0,20287,1772,nana
半亩城宿酒店(郑州东站会展中心店)-郑州大学,半亩城宿酒店(郑州东站会展中心店),郑州大学,"34.77797,113.72484","34.81414,113.54220",状态0,20454,1906,nana
半亩城宿酒店(郑州东站会展中心店)-郑州工程技术学院,半亩城宿酒店(郑州东站会展中心店),郑州工程技术学院,"34.77797,113.72484","34.86633,113.65609",状态0,15621,1898,nana
半亩城宿酒店(郑州东站会展中心店)-郑州师范学院,半亩城宿酒店(郑州东站会展中心店),郑州师范学院,"34.77797,113.72484","34.86471,113.62637",状态0,18012,2121,nana
半亩城宿酒店(郑州东站会展中心店)-郑州市体育馆,半亩城宿酒店(郑州东站会展中心店),郑州市体育馆,"34.77797,113.72484","34.76295,113.67994",状态0,7025,1407,nana
半亩城宿酒店(郑州东站会展中心店)-郑州市体育场,半亩城宿酒店(郑州东站会展中心店),郑州市体育场,"34.77797,113.72484","34.76295,113.67994",状态0,7025,1407,nana
半亩城宿酒店(郑州东站会展中心店)-华北水利水电大学,半亩城宿酒店(郑州东站会展中心店),华北水利水电大学,"34.77797,113.72484","34.77593,113.76580",状态0,6599,910,nana
半亩城宿酒店(郑州东站会展中心店)-北龙湖,半亩城宿酒店(郑州东站会展中心店),北龙湖,"34.77797,113.72484","34.81829,113.74043",状态0,8938,862,nana
半亩城宿酒店(郑州东站会展中心店)-郑州奥体中心体育馆,半亩城宿酒店(郑州东站会展中心店),郑州奥体中心体育馆,"34.77797,113.72484","34.73476,113.54065",状态0,25671,2193,nana
世纪星精品酒店(郑州花园路国贸360店)-河南工业大学,世纪星精品酒店(郑州花园路国贸360店),河南工业大学,"34.78529,113.68881","34.83330,113.55796",状态0,17110,1904,nana
世纪星精品酒店(郑州花园路国贸360店)-郑州大学,世纪星精品酒店(郑州花园路国贸360店),郑州大学,"34.78529,113.68881","34.81414,113.54220",状态0,17277,2025,nana
世纪星精品酒店(郑州花园路国贸360店)-郑州工程技术学院,世纪星精品酒店(郑州花园路国贸360店),郑州工程技术学院,"34.78529,113.68881","34.86633,113.65609",状态0,11827,2195,nana
世纪星精品酒店(郑州花园路国贸360店)-郑州师范学院,世纪星精品酒店(郑州花园路国贸360店),郑州师范学院,"34.78529,113.68881","34.86471,113.62637",状态0,16108,1959,nana
世纪星精品酒店(郑州花园路国贸360店)-郑州市体育馆,世纪星精品酒店(郑州花园路国贸360店),郑州市体育馆,"34.78529,113.68881","34.76295,113.67994",状态0,3763,863,nana
世纪星精品酒店(郑州花园路国贸360店)-郑州市体育场,世纪星精品酒店(郑州花园路国贸360店),郑州市体育场,"34.78529,113.68881","34.76295,113.67994",状态0,3763,863,nana
世纪星精品酒店(郑州花园路国贸360店)-华北水利水电大学,世纪星精品酒店(郑州花园路国贸360店),华北水利水电大学,"34.78529,113.68881","34.77593,113.76580",状态0,11099,1710,nana
世纪星精品酒店(郑州花园路国贸360店)-北龙湖,世纪星精品酒店(郑州花园路国贸360店),北龙湖,"34.78529,113.68881","34.81829,113.74043",状态0,9587,1257,nana
世纪星精品酒店(郑州花园路国贸360店)-郑州奥体中心体育馆,世纪星精品酒店(郑州花园路国贸360店),郑州奥体中心体育馆,"34.78529,113.68881","34.73476,113.54065",状态0,23247,2083,nana
郑州山河宾馆-河南工业大学,郑州山河宾馆,河南工业大学,"34.77782,113.69414","34.83330,113.55796",状态0,18437,2127,nana
郑州山河宾馆-郑州大学,郑州山河宾馆,郑州大学,"34.77782,113.69414","34.81414,113.54220",状态0,18604,2249,nana
郑州山河宾馆-郑州工程技术学院,郑州山河宾馆,郑州工程技术学院,"34.77782,113.69414","34.86633,113.65609",状态0,13771,2271,nana
郑州山河宾馆-郑州师范学院,郑州山河宾馆,郑州师范学院,"34.77782,113.69414","34.86471,113.62637",状态0,17435,2181,nana
郑州山河宾馆-郑州市体育馆,郑州山河宾馆,郑州市体育馆,"34.77782,113.69414","34.76295,113.67994",状态0,3352,710,nana
郑州山河宾馆-郑州市体育场,郑州山河宾馆,郑州市体育场,"34.77782,113.69414","34.76295,113.67994",状态0,3352,710,nana
郑州山河宾馆-华北水利水电大学,郑州山河宾馆,华北水利水电大学,"34.77782,113.69414","34.77593,113.76580",状态0,9162,1561,nana
郑州山河宾馆-北龙湖,郑州山河宾馆,北龙湖,"34.77782,113.69414","34.81829,113.74043",状态0,10914,1485,nana
郑州山河宾馆-郑州奥体中心体育馆,郑州山河宾馆,郑州奥体中心体育馆,"34.77782,113.69414","34.73476,113.54065",状态0,22836,1942,nana
河南金质大酒店-河南工业大学,河南金质大酒店,河南工业大学,"34.78268,113.68852","34.83330,113.55796",状态0,17419,1947,nana
河南金质大酒店-郑州大学,河南金质大酒店,郑州大学,"34.78268,113.68852","34.81414,113.54220",状态0,17586,2063,nana
河南金质大酒店-郑州工程技术学院,河南金质大酒店,郑州工程技术学院,"34.78268,113.68852","34.86633,113.65609",状态0,12753,2096,nana
河南金质大酒店-郑州师范学院,河南金质大酒店,郑州师范学院,"34.78268,113.68852","34.86471,113.62637",状态0,16417,2014,nana
河南金质大酒店-郑州市体育馆,河南金质大酒店,郑州市体育馆,"34.78268,113.68852","34.76295,113.67994",状态0,3184,688,nana
河南金质大酒店-郑州市体育场,河南金质大酒店,郑州市体育场,"34.78268,113.68852","34.76295,113.67994",状态0,3184,688,nana
河南金质大酒店-华北水利水电大学,河南金质大酒店,华北水利水电大学,"34.78268,113.68852","34.77593,113.76580",状态0,10210,1401,nana
河南金质大酒店-北龙湖,河南金质大酒店,北龙湖,"34.78268,113.68852","34.81829,113.74043",状态0,9896,1301,nana
河南金质大酒店-郑州奥体中心体育馆,河南金质大酒店,郑州奥体中心体育馆,"34.78268,113.68852","34.73476,113.54065",状态0,22668,1920,nana
尚茉酒店(郑州CBD会展中心店)-河南工业大学,尚茉酒店(郑州CBD会展中心店),河南工业大学,"34.77914,113.74146","34.83330,113.55796",状态0,21779,2075,nana
尚茉酒店(郑州CBD会展中心店)-郑州大学,尚茉酒店(郑州CBD会展中心店),郑州大学,"34.77914,113.74146","34.81414,113.54220",状态0,22627,2220,nana
尚茉酒店(郑州CBD会展中心店)-郑州工程技术学院,尚茉酒店(郑州CBD会展中心店),郑州工程技术学院,"34.77914,113.74146","34.86633,113.65609",状态0,17113,2206,nana
尚茉酒店(郑州CBD会展中心店)-郑州师范学院,尚茉酒店(郑州CBD会展中心店),郑州师范学院,"34.77914,113.74146","34.86471,113.62637",状态0,19504,2362,nana
尚茉酒店(郑州CBD会展中心店)-郑州市体育馆,尚茉酒店(郑州CBD会展中心店),郑州市体育馆,"34.77914,113.74146","34.76295,113.67994",状态0,7910,1545,nana
尚茉酒店(郑州CBD会展中心店)-郑州市体育场,尚茉酒店(郑州CBD会展中心店),郑州市体育场,"34.77914,113.74146","34.76295,113.67994",状态0,7910,1545,nana
尚茉酒店(郑州CBD会展中心店)-华北水利水电大学,尚茉酒店(郑州CBD会展中心店),华北水利水电大学,"34.77914,113.74146","34.77593,113.76580",状态0,3782,682,nana
尚茉酒店(郑州CBD会展中心店)-北龙湖,尚茉酒店(郑州CBD会展中心店),北龙湖,"34.77914,113.74146","34.81829,113.74043",状态0,6622,1096,nana
尚茉酒店(郑州CBD会展中心店)-郑州奥体中心体育馆,尚茉酒店(郑州CBD会展中心店),郑州奥体中心体育馆,"34.77914,113.74146","34.73476,113.54065",状态0,26136,2311,nana
安泰精品酒店(郑州CBD会展中心高铁站店)-河南工业大学,安泰精品酒店(郑州CBD会展中心高铁站店),河南工业大学,"34.77595,113.72565","34.83330,113.55796",状态0,20494,1824,nana
安泰精品酒店(郑州CBD会展中心高铁站店)-郑州大学,安泰精品酒店(郑州CBD会展中心高铁站店),郑州大学,"34.77595,113.72565","34.81414,113.54220",状态0,20661,1875,nana
安泰精品酒店(郑州CBD会展中心高铁站店)-郑州工程技术学院,安泰精品酒店(郑州CBD会展中心高铁站店),郑州工程技术学院,"34.77595,113.72565","34.86633,113.65609",状态0,15828,1990,nana
安泰精品酒店(郑州CBD会展中心高铁站店)-郑州师范学院,安泰精品酒店(郑州CBD会展中心高铁站店),郑州师范学院,"34.77595,113.72565","34.86471,113.62637",状态0,18219,2146,nana
安泰精品酒店(郑州CBD会展中心高铁站店)-郑州市体育馆,安泰精品酒店(郑州CBD会展中心高铁站店),郑州市体育馆,"34.77595,113.72565","34.76295,113.67994",状态0,7232,1532,nana
安泰精品酒店(郑州CBD会展中心高铁站店)-郑州市体育场,安泰精品酒店(郑州CBD会展中心高铁站店),郑州市体育场,"34.77595,113.72565","34.76295,113.67994",状态0,7232,1532,nana
安泰精品酒店(郑州CBD会展中心高铁站店)-华北水利水电大学,安泰精品酒店(郑州CBD会展中心高铁站店),华北水利水电大学,"34.77595,113.72565","34.77593,113.76580",状态0,6517,917,nana
安泰精品酒店(郑州CBD会展中心高铁站店)-北龙湖,安泰精品酒店(郑州CBD会展中心高铁站店),北龙湖,"34.77595,113.72565","34.81829,113.74043",状态0,9145,888,nana
安泰精品酒店(郑州CBD会展中心高铁站店)-郑州奥体中心体育馆,安泰精品酒店(郑州CBD会展中心高铁站店),郑州奥体中心体育馆,"34.77595,113.72565","34.73476,113.54065",状态0,25809,2288,nana
郑州斯维登服务公寓(省人民医院璞丽)-河南工业大学,郑州斯维登服务公寓(省人民医院璞丽),河南工业大学,"34.78121,113.70261","34.83330,113.55796",状态0,21250,2061,nana
郑州斯维登服务公寓(省人民医院璞丽)-郑州大学,郑州斯维登服务公寓(省人民医院璞丽),郑州大学,"34.78121,113.70261","34.81414,113.54220",状态0,21417,2106,nana
郑州斯维登服务公寓(省人民医院璞丽)-郑州工程技术学院,郑州斯维登服务公寓(省人民医院璞丽),郑州工程技术学院,"34.78121,113.70261","34.86633,113.65609",状态0,16584,2169,nana
郑州斯维登服务公寓(省人民医院璞丽)-郑州师范学院,郑州斯维登服务公寓(省人民医院璞丽),郑州师范学院,"34.78121,113.70261","34.86471,113.62637",状态0,20248,2111,nana
郑州斯维登服务公寓(省人民医院璞丽)-郑州市体育馆,郑州斯维登服务公寓(省人民医院璞丽),郑州市体育馆,"34.78121,113.70261","34.76295,113.67994",状态0,4344,1079,nana
郑州斯维登服务公寓(省人民医院璞丽)-郑州市体育场,郑州斯维登服务公寓(省人民医院璞丽),郑州市体育场,"34.78121,113.70261","34.76295,113.67994",状态0,4344,1080,nana
郑州斯维登服务公寓(省人民医院璞丽)-华北水利水电大学,郑州斯维登服务公寓(省人民医院璞丽),华北水利水电大学,"34.78121,113.70261","34.77593,113.76580",状态0,8346,1335,nana
郑州斯维登服务公寓(省人民医院璞丽)-北龙湖,郑州斯维登服务公寓(省人民医院璞丽),北龙湖,"34.78121,113.70261","34.81829,113.74043",状态0,9901,1100,nana
郑州斯维登服务公寓(省人民医院璞丽)-郑州奥体中心体育馆,郑州斯维登服务公寓(省人民医院璞丽),郑州奥体中心体育馆,"34.78121,113.70261","34.73476,113.54065",状态0,23781,2356,nana
栖桐酒店(郑州CBD会展中心店)-河南工业大学,栖桐酒店(郑州CBD会展中心店),河南工业大学,"34.77435,113.73000","34.83330,113.55796",状态0,21819,2001,nana
栖桐酒店(郑州CBD会展中心店)-郑州大学,栖桐酒店(郑州CBD会展中心店),郑州大学,"34.77435,113.73000","34.81414,113.54220",状态0,21580,2026,nana
栖桐酒店(郑州CBD会展中心店)-郑州工程技术学院,栖桐酒店(郑州CBD会展中心店),郑州工程技术学院,"34.77435,113.73000","34.86633,113.65609",状态0,16747,1915,nana
栖桐酒店(郑州CBD会展中心店)-郑州师范学院,栖桐酒店(郑州CBD会展中心店),郑州师范学院,"34.77435,113.73000","34.86471,113.62637",状态0,19138,2201,nana
栖桐酒店(郑州CBD会展中心店)-郑州市体育馆,栖桐酒店(郑州CBD会展中心店),郑州市体育馆,"34.77435,113.73000","34.76295,113.67994",状态0,6714,1330,nana
栖桐酒店(郑州CBD会展中心店)-郑州市体育场,栖桐酒店(郑州CBD会展中心店),郑州市体育场,"34.77435,113.73000","34.76295,113.67994",状态0,6714,1330,nana
栖桐酒店(郑州CBD会展中心店)-华北水利水电大学,栖桐酒店(郑州CBD会展中心店),华北水利水电大学,"34.77435,113.73000","34.77593,113.76580",状态0,5648,737,nana
栖桐酒店(郑州CBD会展中心店)-北龙湖,栖桐酒店(郑州CBD会展中心店),北龙湖,"34.77435,113.73000","34.81829,113.74043",状态0,10064,1092,nana
栖桐酒店(郑州CBD会展中心店)-郑州奥体中心体育馆,栖桐酒店(郑州CBD会展中心店),郑州奥体中心体育馆,"34.77435,113.73000","34.73476,113.54065",状态0,24940,2020,nana
郑州景峰豪悦酒店-河南工业大学,郑州景峰豪悦酒店,河南工业大学,"34.77623,113.74171","34.83330,113.55796",状态0,22729,2192,nana
郑州景峰豪悦酒店-郑州大学,郑州景峰豪悦酒店,郑州大学,"34.77623,113.74171","34.81414,113.54220",状态0,22490,2187,nana
郑州景峰豪悦酒店-郑州工程技术学院,郑州景峰豪悦酒店,郑州工程技术学院,"34.77623,113.74171","34.86633,113.65609",状态0,17657,2103,nana
郑州景峰豪悦酒店-郑州师范学院,郑州景峰豪悦酒店,郑州师范学院,"34.77623,113.74171","34.86471,113.62637",状态0,20048,2360,nana
郑州景峰豪悦酒店-郑州市体育馆,郑州景峰豪悦酒店,郑州市体育馆,"34.77623,113.74171","34.76295,113.67994",状态0,7086,1483,nana
郑州景峰豪悦酒店-郑州市体育场,郑州景峰豪悦酒店,郑州市体育场,"34.77623,113.74171","34.76295,113.67994",状态0,7086,1483,nana
郑州景峰豪悦酒店-华北水利水电大学,郑州景峰豪悦酒店,华北水利水电大学,"34.77623,113.74171","34.77593,113.76580",状态0,3695,503,nana
郑州景峰豪悦酒店-北龙湖,郑州景峰豪悦酒店,北龙湖,"34.77623,113.74171","34.81829,113.74043",状态0,6853,1154,nana
郑州景峰豪悦酒店-郑州奥体中心体育馆,郑州景峰豪悦酒店,郑州奥体中心体育馆,"34.77623,113.74171","34.73476,113.54065",状态0,25958,2206,nana
郑州凯润商务酒店-河南工业大学,郑州凯润商务酒店,河南工业大学,"34.81543,113.63269","34.83330,113.55796",状态0,9328,1081,nana
郑州凯润商务酒店-郑州大学,郑州凯润商务酒店,郑州大学,"34.81543,113.63269","34.81414,113.54220",状态0,9089,1062,nana
郑州凯润商务酒店-郑州工程技术学院,郑州凯润商务酒店,郑州工程技术学院,"34.81543,113.63269","34.86633,113.65609",状态0,11774,1441,nana
郑州凯润商务酒店-郑州师范学院,郑州凯润商务酒店,郑州师范学院,"34.81543,113.63269","34.86471,113.62637",状态0,6749,956,nana
郑州凯润商务酒店-郑州市体育馆,郑州凯润商务酒店,郑州市体育馆,"34.81543,113.63269","34.76295,113.67994",状态0,10813,1904,nana
郑州凯润商务酒店-郑州市体育场,郑州凯润商务酒店,郑州市体育场,"34.81543,113.63269","34.76295,113.67994",状态0,10813,1904,nana
郑州凯润商务酒店-华北水利水电大学,郑州凯润商务酒店,华北水利水电大学,"34.81543,113.63269","34.77593,113.76580",状态0,19960,1616,nana
郑州凯润商务酒店-北龙湖,郑州凯润商务酒店,北龙湖,"34.81543,113.63269","34.81829,113.74043",状态0,11952,1148,nana
郑州凯润商务酒店-郑州奥体中心体育馆,郑州凯润商务酒店,郑州奥体中心体育馆,"34.81543,113.63269","34.73476,113.54065",状态0,19427,1795,nana
郑州佰利酒店-河南工业大学,郑州佰利酒店,河南工业大学,"34.77575,113.69920","34.83330,113.55796",状态0,21705,2264,nana
郑州佰利酒店-郑州大学,郑州佰利酒店,郑州大学,"34.77575,113.69920","34.81414,113.54220",状态0,21872,2287,nana
郑州佰利酒店-郑州工程技术学院,郑州佰利酒店,郑州工程技术学院,"34.77575,113.69920","34.86633,113.65609",状态0,17039,2179,nana
郑州佰利酒店-郑州师范学院,郑州佰利酒店,郑州师范学院,"34.77575,113.69920","34.86471,113.62637",状态0,20766,2321,nana
郑州佰利酒店-郑州市体育馆,郑州佰利酒店,郑州市体育馆,"34.77575,113.69920","34.76295,113.67994",状态0,3536,825,nana
郑州佰利酒店-郑州市体育场,郑州佰利酒店,郑州市体育场,"34.77575,113.69920","34.76295,113.67994",状态0,3536,825,nana
郑州佰利酒店-华北水利水电大学,郑州佰利酒店,华北水利水电大学,"34.77575,113.69920","34.77593,113.76580",状态0,9358,1264,nana
郑州佰利酒店-北龙湖,郑州佰利酒店,北龙湖,"34.77575,113.69920","34.81829,113.74043",状态0,10419,1369,nana
郑州佰利酒店-郑州奥体中心体育馆,郑州佰利酒店,郑州奥体中心体育馆,"34.77575,113.69920","34.73476,113.54065",状态0,22973,2063,nana
郑州禧来假日酒店-河南工业大学,郑州禧来假日酒店,河南工业大学,"34.79103,113.68922","34.83330,113.55796",状态0,16525,1821,nana
郑州禧来假日酒店-郑州大学,郑州禧来假日酒店,郑州大学,"34.79103,113.68922","34.81414,113.54220",状态0,16692,1824,nana
郑州禧来假日酒店-郑州工程技术学院,郑州禧来假日酒店,郑州工程技术学院,"34.79103,113.68922","34.86633,113.65609",状态0,13025,2300,nana
郑州禧来假日酒店-郑州师范学院,郑州禧来假日酒店,郑州师范学院,"34.79103,113.68922","34.86471,113.62637",状态0,15523,1792,nana
郑州禧来假日酒店-郑州市体育馆,郑州禧来假日酒店,郑州市体育馆,"34.79103,113.68922","34.76295,113.67994",状态0,4374,994,nana
郑州禧来假日酒店-郑州市体育场,郑州禧来假日酒店,郑州市体育场,"34.79103,113.68922","34.76295,113.67994",状态0,4374,994,nana
郑州禧来假日酒店-华北水利水电大学,郑州禧来假日酒店,华北水利水电大学,"34.79103,113.68922","34.77593,113.76580",状态0,10514,1533,nana
郑州禧来假日酒店-北龙湖,郑州禧来假日酒店,北龙湖,"34.79103,113.68922","34.81829,113.74043",状态0,9002,1180,nana
郑州禧来假日酒店-郑州奥体中心体育馆,郑州禧来假日酒店,郑州奥体中心体育馆,"34.79103,113.68922","34.73476,113.54065",状态0,23858,2328,nana
郑州豫鹰宾馆-河南工业大学,郑州豫鹰宾馆,河南工业大学,"34.76695,113.73925","34.83330,113.55796",状态0,24453,2138,nana
郑州豫鹰宾馆-郑州大学,郑州豫鹰宾馆,郑州大学,"34.76695,113.73925","34.81414,113.54220",状态0,24214,2149,nana
郑州豫鹰宾馆-郑州工程技术学院,郑州豫鹰宾馆,郑州工程技术学院,"34.76695,113.73925","34.86633,113.65609",状态0,19381,2061,nana
郑州豫鹰宾馆-郑州师范学院,郑州豫鹰宾馆,郑州师范学院,"34.76695,113.73925","34.86471,113.62637",状态0,21772,2333,nana
郑州豫鹰宾馆-郑州市体育馆,郑州豫鹰宾馆,郑州市体育馆,"34.76695,113.73925","34.76295,113.67994",状态0,8583,1485,nana
郑州豫鹰宾馆-郑州市体育场,郑州豫鹰宾馆,郑州市体育场,"34.76695,113.73925","34.76295,113.67994",状态0,8583,1485,nana
郑州豫鹰宾馆-华北水利水电大学,郑州豫鹰宾馆,华北水利水电大学,"34.76695,113.73925","34.77593,113.76580",状态0,3979,534,nana
郑州豫鹰宾馆-北龙湖,郑州豫鹰宾馆,北龙湖,"34.76695,113.73925","34.81829,113.74043",状态0,12698,1183,nana
郑州豫鹰宾馆-郑州奥体中心体育馆,郑州豫鹰宾馆,郑州奥体中心体育馆,"34.76695,113.73925","34.73476,113.54065",状态0,26808,2040,nana
郑州中天迎宾馆-河南工业大学,郑州中天迎宾馆,河南工业大学,"34.78388,113.69131","34.83330,113.55796",状态0,17505,2058,nana
郑州中天迎宾馆-郑州大学,郑州中天迎宾馆,郑州大学,"34.78388,113.69131","34.81414,113.54220",状态0,17672,2070,nana
郑州中天迎宾馆-郑州工程技术学院,郑州中天迎宾馆,郑州工程技术学院,"34.78388,113.69131","34.86633,113.65609",状态0,12839,1981,nana
郑州中天迎宾馆-郑州师范学院,郑州中天迎宾馆,郑州师范学院,"34.78388,113.69131","34.86471,113.62637",状态0,16503,2042,nana
郑州中天迎宾馆-郑州市体育馆,郑州中天迎宾馆,郑州市体育馆,"34.78388,113.69131","34.76295,113.67994",状态0,3988,950,nana
郑州中天迎宾馆-郑州市体育场,郑州中天迎宾馆,郑州市体育场,"34.78388,113.69131","34.76295,113.67994",状态0,3988,950,nana
郑州中天迎宾馆-华北水利水电大学,郑州中天迎宾馆,华北水利水电大学,"34.78388,113.69131","34.77593,113.76580",状态0,11014,1673,nana
郑州中天迎宾馆-北龙湖,郑州中天迎宾馆,北龙湖,"34.78388,113.69131","34.81829,113.74043",状态0,9982,1427,nana
郑州中天迎宾馆-郑州奥体中心体育馆,郑州中天迎宾馆,郑州奥体中心体育馆,"34.78388,113.69131","34.73476,113.54065",状态0,23472,2287,nana
河南德亿大酒店-河南工业大学,河南德亿大酒店,河南工业大学,"34.76549,113.71987","34.83330,113.55796",状态0,24177,2173,nana
河南德亿大酒店-郑州大学,河南德亿大酒店,郑州大学,"34.76549,113.71987","34.81414,113.54220",状态0,23938,2193,nana
河南德亿大酒店-郑州工程技术学院,河南德亿大酒店,郑州工程技术学院,"34.76549,113.71987","34.86633,113.65609",状态0,19105,2122,nana
河南德亿大酒店-郑州师范学院,河南德亿大酒店,郑州师范学院,"34.76549,113.71987","34.86471,113.62637",状态0,21496,2369,nana
河南德亿大酒店-郑州市体育馆,河南德亿大酒店,郑州市体育馆,"34.76549,113.71987","34.76295,113.67994",状态0,6620,1452,nana
河南德亿大酒店-郑州市体育场,河南德亿大酒店,郑州市体育场,"34.76549,113.71987","34.76295,113.67994",状态0,6620,1444,nana
河南德亿大酒店-华北水利水电大学,河南德亿大酒店,华北水利水电大学,"34.76549,113.71987","34.77593,113.76580",状态0,5999,794,nana
河南德亿大酒店-北龙湖,河南德亿大酒店,北龙湖,"34.76549,113.71987","34.81829,113.74043",状态0,12422,1229,nana
河南德亿大酒店-郑州奥体中心体育馆,河南德亿大酒店,郑州奥体中心体育馆,"34.76549,113.71987","34.73476,113.54065",状态0,25284,1988,nana
郑州豫棉宾馆-河南工业大学,郑州豫棉宾馆,河南工业大学,"34.78564,113.68997","34.83330,113.55796",状态0,17177,1983,nana
郑州豫棉宾馆-郑州大学,郑州豫棉宾馆,郑州大学,"34.78564,113.68997","34.81414,113.54220",状态0,17344,1993,nana
郑州豫棉宾馆-郑州工程技术学院,郑州豫棉宾馆,郑州工程技术学院,"34.78564,113.68997","34.86633,113.65609",状态0,12511,1913,nana
郑州豫棉宾馆-郑州师范学院,郑州豫棉宾馆,郑州师范学院,"34.78564,113.68997","34.86471,113.62637",状态0,16175,1940,nana
郑州豫棉宾馆-郑州市体育馆,郑州豫棉宾馆,郑州市体育馆,"34.78564,113.68997","34.76295,113.67994",状态0,3660,847,nana
郑州豫棉宾馆-郑州市体育场,郑州豫棉宾馆,郑州市体育场,"34.78564,113.68997","34.76295,113.67994",状态0,3660,847,nana
郑州豫棉宾馆-华北水利水电大学,郑州豫棉宾馆,华北水利水电大学,"34.78564,113.68997","34.77593,113.76580",状态0,10686,1570,nana
郑州豫棉宾馆-北龙湖,郑州豫棉宾馆,北龙湖,"34.78564,113.68997","34.81829,113.74043",状态0,9654,1312,nana
郑州豫棉宾馆-郑州奥体中心体育馆,郑州豫棉宾馆,郑州奥体中心体育馆,"34.78564,113.68997","34.73476,113.54065",状态0,23144,2181,nana
非繁·印象酒店(郑州国基路店)(原沙门地铁口店)-河南工业大学,非繁·印象酒店(郑州国基路店)(原沙门地铁口店),河南工业大学,"34.79507,113.68830","34.83330,113.55796",状态0,16027,1693,nana
非繁·印象酒店(郑州国基路店)(原沙门地铁口店)-郑州大学,非繁·印象酒店(郑州国基路店)(原沙门地铁口店),郑州大学,"34.79507,113.68830","34.81414,113.54220",状态0,16194,1746,nana
非繁·印象酒店(郑州国基路店)(原沙门地铁口店)-郑州工程技术学院,非繁·印象酒店(郑州国基路店)(原沙门地铁口店),郑州工程技术学院,"34.79507,113.68830","34.86633,113.65609",状态0,11361,1676,nana
非繁·印象酒店(郑州国基路店)(原沙门地铁口店)-郑州师范学院,非繁·印象酒店(郑州国基路店)(原沙门地铁口店),郑州师范学院,"34.79507,113.68830","34.86471,113.62637",状态0,15025,1711,nana
非繁·印象酒店(郑州国基路店)(原沙门地铁口店)-郑州市体育馆,非繁·印象酒店(郑州国基路店)(原沙门地铁口店),郑州市体育馆,"34.79507,113.68830","34.76295,113.67994",状态0,5278,1298,nana
非繁·印象酒店(郑州国基路店)(原沙门地铁口店)-郑州市体育场,非繁·印象酒店(郑州国基路店)(原沙门地铁口店),郑州市体育场,"34.79507,113.68830","34.76295,113.67994",状态0,5278,1298,nana
非繁·印象酒店(郑州国基路店)(原沙门地铁口店)-华北水利水电大学,非繁·印象酒店(郑州国基路店)(原沙门地铁口店),华北水利水电大学,"34.79507,113.68830","34.77593,113.76580",状态0,10535,1671,nana
非繁·印象酒店(郑州国基路店)(原沙门地铁口店)-北龙湖,非繁·印象酒店(郑州国基路店)(原沙门地铁口店),北龙湖,"34.79507,113.68830","34.81829,113.74043",状态0,8504,1051,nana
非繁·印象酒店(郑州国基路店)(原沙门地铁口店)-郑州奥体中心体育馆,非繁·印象酒店(郑州国基路店)(原沙门地铁口店),郑州奥体中心体育馆,"34.79507,113.68830","34.73476,113.54065",状态0,22913,2290,nana
郑州桃李园大酒店-河南工业大学,郑州桃李园大酒店,河南工业大学,"34.78790,113.66480","34.83330,113.55796",状态0,14474,2107,nana
郑州桃李园大酒店-郑州大学,郑州桃李园大酒店,郑州大学,"34.78790,113.66480","34.81414,113.54220",状态0,14235,2124,nana
郑州桃李园大酒店-郑州工程技术学院,郑州桃李园大酒店,郑州工程技术学院,"34.78790,113.66480","34.86633,113.65609",状态0,11170,2006,nana
郑州桃李园大酒店-郑州师范学院,郑州桃李园大酒店,郑州师范学院,"34.78790,113.66480","34.86471,113.62637",状态0,12767,2096,nana
郑州桃李园大酒店-郑州市体育馆,郑州桃李园大酒店,郑州市体育馆,"34.78790,113.66480","34.76295,113.67994",状态0,4306,1238,nana
郑州桃李园大酒店-郑州市体育场,郑州桃李园大酒店,郑州市体育场,"34.78790,113.66480","34.76295,113.67994",状态0,4306,1238,nana
郑州桃李园大酒店-华北水利水电大学,郑州桃李园大酒店,华北水利水电大学,"34.78790,113.66480","34.77593,113.76580",状态0,12931,2255,nana
郑州桃李园大酒店-北龙湖,郑州桃李园大酒店,北龙湖,"34.78790,113.66480","34.81829,113.74043",状态0,13085,1797,nana
郑州桃李园大酒店-郑州奥体中心体育馆,郑州桃李园大酒店,郑州奥体中心体育馆,"34.78790,113.66480","34.73476,113.54065",状态0,20417,2359,nana
